id,job_title,generated_link,last_page_number,pagination_links,date_scraped
1,General Practitioner,https://uk.indeed.com/jobs?q=General+Practitioner&l=London,19,"['https://uk.indeed.com/jobs?q=General+Practitioner&l=London', 'https://uk.indeed.com/jobs?q=General+Practitioner&l=London&start=10', 'https://uk.indeed.com/jobs?q=General+Practitioner&l=London&start=20', 'https://uk.indeed.com/jobs?q=General+Practitioner&l=London&start=30', 'https://uk.indeed.com/jobs?q=General+Practitioner&l=London&start=40', 'https://uk.indeed.com/jobs?q=General+Practitioner&l=London&start=50', 'https://uk.indeed.com/jobs?q=General+Practitioner&l=London&start=60', 'https://uk.indeed.com/jobs?q=General+Practitioner&l=London&start=70', 'https://uk.indeed.com/jobs?q=General+Practitioner&l=London&start=80', 'https://uk.indeed.com/jobs?q=General+Practitioner&l=London&start=90', 'https://uk.indeed.com/jobs?q=General+Practitioner&l=London&start=100', 'https://uk.indeed.com/jobs?q=General+Practitioner&l=London&start=110', 'https://uk.indeed.com/jobs?q=General+Practitioner&l=London&start=120', 'https://uk.indeed.com/jobs?q=General+Practitioner&l=London&start=130', 'https://uk.indeed.com/jobs?q=General+Practitioner&l=London&start=140', 'https://uk.indeed.com/jobs?q=General+Practitioner&l=London&start=150', 'https://uk.indeed.com/jobs?q=General+Practitioner&l=London&start=160', 'https://uk.indeed.com/jobs?q=General+Practitioner&l=London&start=170', 'https://uk.indeed.com/jobs?q=General+Practitioner&l=London&start=180']",2024-11-01 03:09:51.409051
2,Paediatrician,https://uk.indeed.com/jobs?q=Paediatrician&l=London,1,['https://uk.indeed.com/jobs?q=Paediatrician&l=London'],2024-11-01 03:09:51.409051
3,Cardiologist,https://uk.indeed.com/jobs?q=Cardiologist&l=London,1,['https://uk.indeed.com/jobs?q=Cardiologist&l=London'],2024-11-01 03:09:51.409051
4,Neurologist,https://uk.indeed.com/jobs?q=Neurologist&l=London,1,['https://uk.indeed.com/jobs?q=Neurologist&l=London'],2024-11-01 03:09:51.409051
5,Oncologist,https://uk.indeed.com/jobs?q=Oncologist&l=London,1,['https://uk.indeed.com/jobs?q=Oncologist&l=London'],2024-11-01 03:09:51.409051
6,Orthopaedic Surgeon,https://uk.indeed.com/jobs?q=Orthopaedic+Surgeon&l=London,3,"['https://uk.indeed.com/jobs?q=Orthopaedic+Surgeon&l=London', 'https://uk.indeed.com/jobs?q=Orthopaedic+Surgeon&l=London&start=10', 'https://uk.indeed.com/jobs?q=Orthopaedic+Surgeon&l=London&start=20']",2024-11-01 03:09:51.409051
7,Plastic Surgeon,https://uk.indeed.com/jobs?q=Plastic+Surgeon&l=London,1,['https://uk.indeed.com/jobs?q=Plastic+Surgeon&l=London'],2024-11-01 03:09:51.409051
8,Dermatologist,https://uk.indeed.com/jobs?q=Dermatologist&l=London,2,"['https://uk.indeed.com/jobs?q=Dermatologist&l=London', 'https://uk.indeed.com/jobs?q=Dermatologist&l=London&start=10']",2024-11-01 03:09:51.409051
9,Ophthalmologist,https://uk.indeed.com/jobs?q=Ophthalmologist&l=London,1,['https://uk.indeed.com/jobs?q=Ophthalmologist&l=London'],2024-11-01 03:09:51.409051
10,Anesthesiologist,https://uk.indeed.com/jobs?q=Anesthesiologist&l=London,1,['https://uk.indeed.com/jobs?q=Anesthesiologist&l=London'],2024-11-01 03:09:51.409051
11,Radiologist,https://uk.indeed.com/jobs?q=Radiologist&l=London,3,"['https://uk.indeed.com/jobs?q=Radiologist&l=London', 'https://uk.indeed.com/jobs?q=Radiologist&l=London&start=10', 'https://uk.indeed.com/jobs?q=Radiologist&l=London&start=20']",2024-11-01 03:09:51.409051
12,Psychiatrist,https://uk.indeed.com/jobs?q=Psychiatrist&l=London,5,"['https://uk.indeed.com/jobs?q=Psychiatrist&l=London', 'https://uk.indeed.com/jobs?q=Psychiatrist&l=London&start=10', 'https://uk.indeed.com/jobs?q=Psychiatrist&l=London&start=20', 'https://uk.indeed.com/jobs?q=Psychiatrist&l=London&start=30', 'https://uk.indeed.com/jobs?q=Psychiatrist&l=London&start=40']",2024-11-01 03:09:51.409051
13,Gastroenterologist,https://uk.indeed.com/jobs?q=Gastroenterologist&l=London,1,['https://uk.indeed.com/jobs?q=Gastroenterologist&l=London'],2024-11-01 03:09:51.409051
14,Urologist,https://uk.indeed.com/jobs?q=Urologist&l=London,1,['https://uk.indeed.com/jobs?q=Urologist&l=London'],2024-11-01 03:09:51.409051
15,Obstetrician/Gynecologist,https://uk.indeed.com/jobs?q=Obstetrician/Gynecologist&l=London,1,['https://uk.indeed.com/jobs?q=Obstetrician/Gynecologist&l=London'],2024-11-01 03:09:51.409051
16,Otolaryngologist,https://uk.indeed.com/jobs?q=Otolaryngologist&l=London,0,,2024-11-01 03:09:51.409051
17,Emergency Medicine Physician,https://uk.indeed.com/jobs?q=Emergency+Medicine+Physician&l=London,1,['https://uk.indeed.com/jobs?q=Emergency+Medicine+Physician&l=London'],2024-11-01 03:09:51.409051
18,Rheumatologist,https://uk.indeed.com/jobs?q=Rheumatologist&l=London,1,['https://uk.indeed.com/jobs?q=Rheumatologist&l=London'],2024-11-01 03:09:51.409051
19,Endocrinologist,https://uk.indeed.com/jobs?q=Endocrinologist&l=London,1,['https://uk.indeed.com/jobs?q=Endocrinologist&l=London'],2024-11-01 03:09:51.409051
20,Registered Nurse,https://uk.indeed.com/jobs?q=Registered+Nurse&l=London,45,"['https://uk.indeed.com/jobs?q=Registered+Nurse&l=London', 'https://uk.indeed.com/jobs?q=Registered+Nurse&l=London&start=10', 'https://uk.indeed.com/jobs?q=Registered+Nurse&l=London&start=20', 'https://uk.indeed.com/jobs?q=Registered+Nurse&l=London&start=30', 'https://uk.indeed.com/jobs?q=Registered+Nurse&l=London&start=40', 'https://uk.indeed.com/jobs?q=Registered+Nurse&l=London&start=50', 'https://uk.indeed.com/jobs?q=Registered+Nurse&l=London&start=60', 'https://uk.indeed.com/jobs?q=Registered+Nurse&l=London&start=70', 'https://uk.indeed.com/jobs?q=Registered+Nurse&l=London&start=80', 'https://uk.indeed.com/jobs?q=Registered+Nurse&l=London&start=90', 'https://uk.indeed.com/jobs?q=Registered+Nurse&l=London&start=100', 'https://uk.indeed.com/jobs?q=Registered+Nurse&l=London&start=110', 'https://uk.indeed.com/jobs?q=Registered+Nurse&l=London&start=120', 'https://uk.indeed.com/jobs?q=Registered+Nurse&l=London&start=130', 'https://uk.indeed.com/jobs?q=Registered+Nurse&l=London&start=140', 'https://uk.indeed.com/jobs?q=Registered+Nurse&l=London&start=150', 'https://uk.indeed.com/jobs?q=Registered+Nurse&l=London&start=160', 'https://uk.indeed.com/jobs?q=Registered+Nurse&l=London&start=170', 'https://uk.indeed.com/jobs?q=Registered+Nurse&l=London&start=180', 'https://uk.indeed.com/jobs?q=Registered+Nurse&l=London&start=190', 'https://uk.indeed.com/jobs?q=Registered+Nurse&l=London&start=200', 'https://uk.indeed.com/jobs?q=Registered+Nurse&l=London&start=210', 'https://uk.indeed.com/jobs?q=Registered+Nurse&l=London&start=220', 'https://uk.indeed.com/jobs?q=Registered+Nurse&l=London&start=230', 'https://uk.indeed.com/jobs?q=Registered+Nurse&l=London&start=240', 'https://uk.indeed.com/jobs?q=Registered+Nurse&l=London&start=250', 'https://uk.indeed.com/jobs?q=Registered+Nurse&l=London&start=260', 'https://uk.indeed.com/jobs?q=Registered+Nurse&l=London&start=270', 'https://uk.indeed.com/jobs?q=Registered+Nurse&l=London&start=280', 'https://uk.indeed.com/jobs?q=Registered+Nurse&l=London&start=290', 'https://uk.indeed.com/jobs?q=Registered+Nurse&l=London&start=300', 'https://uk.indeed.com/jobs?q=Registered+Nurse&l=London&start=310', 'https://uk.indeed.com/jobs?q=Registered+Nurse&l=London&start=320', 'https://uk.indeed.com/jobs?q=Registered+Nurse&l=London&start=330', 'https://uk.indeed.com/jobs?q=Registered+Nurse&l=London&start=340', 'https://uk.indeed.com/jobs?q=Registered+Nurse&l=London&start=350', 'https://uk.indeed.com/jobs?q=Registered+Nurse&l=London&start=360', 'https://uk.indeed.com/jobs?q=Registered+Nurse&l=London&start=370', 'https://uk.indeed.com/jobs?q=Registered+Nurse&l=London&start=380', 'https://uk.indeed.com/jobs?q=Registered+Nurse&l=London&start=390', 'https://uk.indeed.com/jobs?q=Registered+Nurse&l=London&start=400', 'https://uk.indeed.com/jobs?q=Registered+Nurse&l=London&start=410', 'https://uk.indeed.com/jobs?q=Registered+Nurse&l=London&start=420', 'https://uk.indeed.com/jobs?q=Registered+Nurse&l=London&start=430', 'https://uk.indeed.com/jobs?q=Registered+Nurse&l=London&start=440']",2024-11-01 03:09:51.409051
21,Nurse Practitioner,https://uk.indeed.com/jobs?q=Nurse+Practitioner&l=London,29,"['https://uk.indeed.com/jobs?q=Nurse+Practitioner&l=London', 'https://uk.indeed.com/jobs?q=Nurse+Practitioner&l=London&start=10', 'https://uk.indeed.com/jobs?q=Nurse+Practitioner&l=London&start=20', 'https://uk.indeed.com/jobs?q=Nurse+Practitioner&l=London&start=30', 'https://uk.indeed.com/jobs?q=Nurse+Practitioner&l=London&start=40', 'https://uk.indeed.com/jobs?q=Nurse+Practitioner&l=London&start=50', 'https://uk.indeed.com/jobs?q=Nurse+Practitioner&l=London&start=60', 'https://uk.indeed.com/jobs?q=Nurse+Practitioner&l=London&start=70', 'https://uk.indeed.com/jobs?q=Nurse+Practitioner&l=London&start=80', 'https://uk.indeed.com/jobs?q=Nurse+Practitioner&l=London&start=90', 'https://uk.indeed.com/jobs?q=Nurse+Practitioner&l=London&start=100', 'https://uk.indeed.com/jobs?q=Nurse+Practitioner&l=London&start=110', 'https://uk.indeed.com/jobs?q=Nurse+Practitioner&l=London&start=120', 'https://uk.indeed.com/jobs?q=Nurse+Practitioner&l=London&start=130', 'https://uk.indeed.com/jobs?q=Nurse+Practitioner&l=London&start=140', 'https://uk.indeed.com/jobs?q=Nurse+Practitioner&l=London&start=150', 'https://uk.indeed.com/jobs?q=Nurse+Practitioner&l=London&start=160', 'https://uk.indeed.com/jobs?q=Nurse+Practitioner&l=London&start=170', 'https://uk.indeed.com/jobs?q=Nurse+Practitioner&l=London&start=180', 'https://uk.indeed.com/jobs?q=Nurse+Practitioner&l=London&start=190', 'https://uk.indeed.com/jobs?q=Nurse+Practitioner&l=London&start=200', 'https://uk.indeed.com/jobs?q=Nurse+Practitioner&l=London&start=210', 'https://uk.indeed.com/jobs?q=Nurse+Practitioner&l=London&start=220', 'https://uk.indeed.com/jobs?q=Nurse+Practitioner&l=London&start=230', 'https://uk.indeed.com/jobs?q=Nurse+Practitioner&l=London&start=240', 'https://uk.indeed.com/jobs?q=Nurse+Practitioner&l=London&start=250', 'https://uk.indeed.com/jobs?q=Nurse+Practitioner&l=London&start=260', 'https://uk.indeed.com/jobs?q=Nurse+Practitioner&l=London&start=270', 'https://uk.indeed.com/jobs?q=Nurse+Practitioner&l=London&start=280']",2024-11-01 03:09:51.409051
22,Licensed Practical Nurse,https://uk.indeed.com/jobs?q=Licensed+Practical+Nurse&l=London,0,,2024-11-01 03:09:51.409051
23,Nurse Anesthetist,https://uk.indeed.com/jobs?q=Nurse+Anesthetist&l=London,1,['https://uk.indeed.com/jobs?q=Nurse+Anesthetist&l=London'],2024-11-01 03:09:51.409051
24,Clinical Nurse Specialist,https://uk.indeed.com/jobs?q=Clinical+Nurse+Specialist&l=London,12,"['https://uk.indeed.com/jobs?q=Clinical+Nurse+Specialist&l=London', 'https://uk.indeed.com/jobs?q=Clinical+Nurse+Specialist&l=London&start=10', 'https://uk.indeed.com/jobs?q=Clinical+Nurse+Specialist&l=London&start=20', 'https://uk.indeed.com/jobs?q=Clinical+Nurse+Specialist&l=London&start=30', 'https://uk.indeed.com/jobs?q=Clinical+Nurse+Specialist&l=London&start=40', 'https://uk.indeed.com/jobs?q=Clinical+Nurse+Specialist&l=London&start=50', 'https://uk.indeed.com/jobs?q=Clinical+Nurse+Specialist&l=London&start=60', 'https://uk.indeed.com/jobs?q=Clinical+Nurse+Specialist&l=London&start=70', 'https://uk.indeed.com/jobs?q=Clinical+Nurse+Specialist&l=London&start=80', 'https://uk.indeed.com/jobs?q=Clinical+Nurse+Specialist&l=London&start=90', 'https://uk.indeed.com/jobs?q=Clinical+Nurse+Specialist&l=London&start=100', 'https://uk.indeed.com/jobs?q=Clinical+Nurse+Specialist&l=London&start=110']",2024-11-01 03:09:51.409051
25,Nurse Midwife,https://uk.indeed.com/jobs?q=Nurse+Midwife&l=London,2,"['https://uk.indeed.com/jobs?q=Nurse+Midwife&l=London', 'https://uk.indeed.com/jobs?q=Nurse+Midwife&l=London&start=10']",2024-11-01 03:09:51.409051
26,Nurse Educator,https://uk.indeed.com/jobs?q=Nurse+Educator&l=London,6,"['https://uk.indeed.com/jobs?q=Nurse+Educator&l=London', 'https://uk.indeed.com/jobs?q=Nurse+Educator&l=London&start=10', 'https://uk.indeed.com/jobs?q=Nurse+Educator&l=London&start=20', 'https://uk.indeed.com/jobs?q=Nurse+Educator&l=London&start=30', 'https://uk.indeed.com/jobs?q=Nurse+Educator&l=London&start=40', 'https://uk.indeed.com/jobs?q=Nurse+Educator&l=London&start=50']",2024-11-01 03:09:51.409051
27,Neonatal Nurse,https://uk.indeed.com/jobs?q=Neonatal+Nurse&l=London,1,['https://uk.indeed.com/jobs?q=Neonatal+Nurse&l=London'],2024-11-01 03:09:51.409051
28,Critical Care Nurse,https://uk.indeed.com/jobs?q=Critical+Care+Nurse&l=London,7,"['https://uk.indeed.com/jobs?q=Critical+Care+Nurse&l=London', 'https://uk.indeed.com/jobs?q=Critical+Care+Nurse&l=London&start=10', 'https://uk.indeed.com/jobs?q=Critical+Care+Nurse&l=London&start=20', 'https://uk.indeed.com/jobs?q=Critical+Care+Nurse&l=London&start=30', 'https://uk.indeed.com/jobs?q=Critical+Care+Nurse&l=London&start=40', 'https://uk.indeed.com/jobs?q=Critical+Care+Nurse&l=London&start=50', 'https://uk.indeed.com/jobs?q=Critical+Care+Nurse&l=London&start=60']",2024-11-01 03:09:51.409051
29,Travel Nurse,https://uk.indeed.com/jobs?q=Travel+Nurse&l=London,1,['https://uk.indeed.com/jobs?q=Travel+Nurse&l=London'],2024-11-01 03:09:51.409051
30,Paediatric Nurse,https://uk.indeed.com/jobs?q=Paediatric+Nurse&l=London,4,"['https://uk.indeed.com/jobs?q=Paediatric+Nurse&l=London', 'https://uk.indeed.com/jobs?q=Paediatric+Nurse&l=London&start=10', 'https://uk.indeed.com/jobs?q=Paediatric+Nurse&l=London&start=20', 'https://uk.indeed.com/jobs?q=Paediatric+Nurse&l=London&start=30']",2024-11-01 03:09:51.409051
31,Physician Assistant,https://uk.indeed.com/jobs?q=Physician+Assistant&l=London,1,['https://uk.indeed.com/jobs?q=Physician+Assistant&l=London'],2024-11-01 03:09:51.409051
32,Physical Therapist,https://uk.indeed.com/jobs?q=Physical+Therapist&l=London,13,"['https://uk.indeed.com/jobs?q=Physical+Therapist&l=London', 'https://uk.indeed.com/jobs?q=Physical+Therapist&l=London&start=10', 'https://uk.indeed.com/jobs?q=Physical+Therapist&l=London&start=20', 'https://uk.indeed.com/jobs?q=Physical+Therapist&l=London&start=30', 'https://uk.indeed.com/jobs?q=Physical+Therapist&l=London&start=40', 'https://uk.indeed.com/jobs?q=Physical+Therapist&l=London&start=50', 'https://uk.indeed.com/jobs?q=Physical+Therapist&l=London&start=60', 'https://uk.indeed.com/jobs?q=Physical+Therapist&l=London&start=70', 'https://uk.indeed.com/jobs?q=Physical+Therapist&l=London&start=80', 'https://uk.indeed.com/jobs?q=Physical+Therapist&l=London&start=90', 'https://uk.indeed.com/jobs?q=Physical+Therapist&l=London&start=100', 'https://uk.indeed.com/jobs?q=Physical+Therapist&l=London&start=110', 'https://uk.indeed.com/jobs?q=Physical+Therapist&l=London&start=120']",2024-11-01 03:09:51.409051
33,Occupational Therapist,https://uk.indeed.com/jobs?q=Occupational+Therapist&l=London,12,"['https://uk.indeed.com/jobs?q=Occupational+Therapist&l=London', 'https://uk.indeed.com/jobs?q=Occupational+Therapist&l=London&start=10', 'https://uk.indeed.com/jobs?q=Occupational+Therapist&l=London&start=20', 'https://uk.indeed.com/jobs?q=Occupational+Therapist&l=London&start=30', 'https://uk.indeed.com/jobs?q=Occupational+Therapist&l=London&start=40', 'https://uk.indeed.com/jobs?q=Occupational+Therapist&l=London&start=50', 'https://uk.indeed.com/jobs?q=Occupational+Therapist&l=London&start=60', 'https://uk.indeed.com/jobs?q=Occupational+Therapist&l=London&start=70', 'https://uk.indeed.com/jobs?q=Occupational+Therapist&l=London&start=80', 'https://uk.indeed.com/jobs?q=Occupational+Therapist&l=London&start=90', 'https://uk.indeed.com/jobs?q=Occupational+Therapist&l=London&start=100', 'https://uk.indeed.com/jobs?q=Occupational+Therapist&l=London&start=110']",2024-11-01 03:09:51.409051
34,Speech-Language Pathologist,https://uk.indeed.com/jobs?q=Speech-Language+Pathologist&l=London,1,['https://uk.indeed.com/jobs?q=Speech-Language+Pathologist&l=London'],2024-11-01 03:09:51.409051
35,Respiratory Therapist,https://uk.indeed.com/jobs?q=Respiratory+Therapist&l=London,1,['https://uk.indeed.com/jobs?q=Respiratory+Therapist&l=London'],2024-11-01 03:09:51.409051
36,Radiologic Technologist,https://uk.indeed.com/jobs?q=Radiologic+Technologist&l=London,5,"['https://uk.indeed.com/jobs?q=Radiologic+Technologist&l=London', 'https://uk.indeed.com/jobs?q=Radiologic+Technologist&l=London&start=10', 'https://uk.indeed.com/jobs?q=Radiologic+Technologist&l=London&start=20', 'https://uk.indeed.com/jobs?q=Radiologic+Technologist&l=London&start=30', 'https://uk.indeed.com/jobs?q=Radiologic+Technologist&l=London&start=40']",2024-11-01 03:09:51.409051
37,Ultrasound Technologist,https://uk.indeed.com/jobs?q=Ultrasound+Technologist&l=London,1,['https://uk.indeed.com/jobs?q=Ultrasound+Technologist&l=London'],2024-11-01 03:09:51.409051
38,Medical Laboratory Technician,https://uk.indeed.com/jobs?q=Medical+Laboratory+Technician&l=London,1,['https://uk.indeed.com/jobs?q=Medical+Laboratory+Technician&l=London'],2024-11-01 03:09:51.409051
39,Cardiovascular Technologist,https://uk.indeed.com/jobs?q=Cardiovascular+Technologist&l=London,0,,2024-11-01 03:09:51.409051
40,Surgical Technologist,https://uk.indeed.com/jobs?q=Surgical+Technologist&l=London,1,['https://uk.indeed.com/jobs?q=Surgical+Technologist&l=London'],2024-11-01 03:09:51.409051
41,Dietitian/Nutritionist,https://uk.indeed.com/jobs?q=Dietitian/Nutritionist&l=London,1,['https://uk.indeed.com/jobs?q=Dietitian/Nutritionist&l=London'],2024-11-01 03:09:51.409051
42,Exercise Physiologist,https://uk.indeed.com/jobs?q=Exercise+Physiologist&l=London,1,['https://uk.indeed.com/jobs?q=Exercise+Physiologist&l=London'],2024-11-01 03:09:51.409051
43,Audiologist,https://uk.indeed.com/jobs?q=Audiologist&l=London,1,['https://uk.indeed.com/jobs?q=Audiologist&l=London'],2024-11-01 03:09:51.409051
44,Radiation Therapist,https://uk.indeed.com/jobs?q=Radiation+Therapist&l=London,1,['https://uk.indeed.com/jobs?q=Radiation+Therapist&l=London'],2024-11-01 03:09:51.409051
45,Phlebotomist,https://uk.indeed.com/jobs?q=Phlebotomist&l=London,1,['https://uk.indeed.com/jobs?q=Phlebotomist&l=London'],2024-11-01 03:09:51.409051
46,Medical Assistant,https://uk.indeed.com/jobs?q=Medical+Assistant&l=London,55,"['https://uk.indeed.com/jobs?q=Medical+Assistant&l=London', 'https://uk.indeed.com/jobs?q=Medical+Assistant&l=London&start=10', 'https://uk.indeed.com/jobs?q=Medical+Assistant&l=London&start=20', 'https://uk.indeed.com/jobs?q=Medical+Assistant&l=London&start=30', 'https://uk.indeed.com/jobs?q=Medical+Assistant&l=London&start=40', 'https://uk.indeed.com/jobs?q=Medical+Assistant&l=London&start=50', 'https://uk.indeed.com/jobs?q=Medical+Assistant&l=London&start=60', 'https://uk.indeed.com/jobs?q=Medical+Assistant&l=London&start=70', 'https://uk.indeed.com/jobs?q=Medical+Assistant&l=London&start=80', 'https://uk.indeed.com/jobs?q=Medical+Assistant&l=London&start=90', 'https://uk.indeed.com/jobs?q=Medical+Assistant&l=London&start=100', 'https://uk.indeed.com/jobs?q=Medical+Assistant&l=London&start=110', 'https://uk.indeed.com/jobs?q=Medical+Assistant&l=London&start=120', 'https://uk.indeed.com/jobs?q=Medical+Assistant&l=London&start=130', 'https://uk.indeed.com/jobs?q=Medical+Assistant&l=London&start=140', 'https://uk.indeed.com/jobs?q=Medical+Assistant&l=London&start=150', 'https://uk.indeed.com/jobs?q=Medical+Assistant&l=London&start=160', 'https://uk.indeed.com/jobs?q=Medical+Assistant&l=London&start=170', 'https://uk.indeed.com/jobs?q=Medical+Assistant&l=London&start=180', 'https://uk.indeed.com/jobs?q=Medical+Assistant&l=London&start=190', 'https://uk.indeed.com/jobs?q=Medical+Assistant&l=London&start=200', 'https://uk.indeed.com/jobs?q=Medical+Assistant&l=London&start=210', 'https://uk.indeed.com/jobs?q=Medical+Assistant&l=London&start=220', 'https://uk.indeed.com/jobs?q=Medical+Assistant&l=London&start=230', 'https://uk.indeed.com/jobs?q=Medical+Assistant&l=London&start=240', 'https://uk.indeed.com/jobs?q=Medical+Assistant&l=London&start=250', 'https://uk.indeed.com/jobs?q=Medical+Assistant&l=London&start=260', 'https://uk.indeed.com/jobs?q=Medical+Assistant&l=London&start=270', 'https://uk.indeed.com/jobs?q=Medical+Assistant&l=London&start=280', 'https://uk.indeed.com/jobs?q=Medical+Assistant&l=London&start=290', 'https://uk.indeed.com/jobs?q=Medical+Assistant&l=London&start=300', 'https://uk.indeed.com/jobs?q=Medical+Assistant&l=London&start=310', 'https://uk.indeed.com/jobs?q=Medical+Assistant&l=London&start=320', 'https://uk.indeed.com/jobs?q=Medical+Assistant&l=London&start=330', 'https://uk.indeed.com/jobs?q=Medical+Assistant&l=London&start=340', 'https://uk.indeed.com/jobs?q=Medical+Assistant&l=London&start=350', 'https://uk.indeed.com/jobs?q=Medical+Assistant&l=London&start=360', 'https://uk.indeed.com/jobs?q=Medical+Assistant&l=London&start=370', 'https://uk.indeed.com/jobs?q=Medical+Assistant&l=London&start=380', 'https://uk.indeed.com/jobs?q=Medical+Assistant&l=London&start=390', 'https://uk.indeed.com/jobs?q=Medical+Assistant&l=London&start=400', 'https://uk.indeed.com/jobs?q=Medical+Assistant&l=London&start=410', 'https://uk.indeed.com/jobs?q=Medical+Assistant&l=London&start=420', 'https://uk.indeed.com/jobs?q=Medical+Assistant&l=London&start=430', 'https://uk.indeed.com/jobs?q=Medical+Assistant&l=London&start=440', 'https://uk.indeed.com/jobs?q=Medical+Assistant&l=London&start=450', 'https://uk.indeed.com/jobs?q=Medical+Assistant&l=London&start=460', 'https://uk.indeed.com/jobs?q=Medical+Assistant&l=London&start=470', 'https://uk.indeed.com/jobs?q=Medical+Assistant&l=London&start=480', 'https://uk.indeed.com/jobs?q=Medical+Assistant&l=London&start=490', 'https://uk.indeed.com/jobs?q=Medical+Assistant&l=London&start=500', 'https://uk.indeed.com/jobs?q=Medical+Assistant&l=London&start=510', 'https://uk.indeed.com/jobs?q=Medical+Assistant&l=London&start=520', 'https://uk.indeed.com/jobs?q=Medical+Assistant&l=London&start=530', 'https://uk.indeed.com/jobs?q=Medical+Assistant&l=London&start=540']",2024-11-01 03:09:51.409051
47,Paramedic,https://uk.indeed.com/jobs?q=Paramedic&l=London,8,"['https://uk.indeed.com/jobs?q=Paramedic&l=London', 'https://uk.indeed.com/jobs?q=Paramedic&l=London&start=10', 'https://uk.indeed.com/jobs?q=Paramedic&l=London&start=20', 'https://uk.indeed.com/jobs?q=Paramedic&l=London&start=30', 'https://uk.indeed.com/jobs?q=Paramedic&l=London&start=40', 'https://uk.indeed.com/jobs?q=Paramedic&l=London&start=50', 'https://uk.indeed.com/jobs?q=Paramedic&l=London&start=60', 'https://uk.indeed.com/jobs?q=Paramedic&l=London&start=70']",2024-11-01 03:09:51.409051
48,Emergency Medical Technician,https://uk.indeed.com/jobs?q=Emergency+Medical+Technician&l=London,3,"['https://uk.indeed.com/jobs?q=Emergency+Medical+Technician&l=London', 'https://uk.indeed.com/jobs?q=Emergency+Medical+Technician&l=London&start=10', 'https://uk.indeed.com/jobs?q=Emergency+Medical+Technician&l=London&start=20']",2024-11-01 03:09:51.409051
49,Pharmacist,https://uk.indeed.com/jobs?q=Pharmacist&l=London,11,"['https://uk.indeed.com/jobs?q=Pharmacist&l=London', 'https://uk.indeed.com/jobs?q=Pharmacist&l=London&start=10', 'https://uk.indeed.com/jobs?q=Pharmacist&l=London&start=20', 'https://uk.indeed.com/jobs?q=Pharmacist&l=London&start=30', 'https://uk.indeed.com/jobs?q=Pharmacist&l=London&start=40', 'https://uk.indeed.com/jobs?q=Pharmacist&l=London&start=50', 'https://uk.indeed.com/jobs?q=Pharmacist&l=London&start=60', 'https://uk.indeed.com/jobs?q=Pharmacist&l=London&start=70', 'https://uk.indeed.com/jobs?q=Pharmacist&l=London&start=80', 'https://uk.indeed.com/jobs?q=Pharmacist&l=London&start=90', 'https://uk.indeed.com/jobs?q=Pharmacist&l=London&start=100']",2024-11-01 03:09:51.409051
50,Pharmacy Technician,https://uk.indeed.com/jobs?q=Pharmacy+Technician&l=London,5,"['https://uk.indeed.com/jobs?q=Pharmacy+Technician&l=London', 'https://uk.indeed.com/jobs?q=Pharmacy+Technician&l=London&start=10', 'https://uk.indeed.com/jobs?q=Pharmacy+Technician&l=London&start=20', 'https://uk.indeed.com/jobs?q=Pharmacy+Technician&l=London&start=30', 'https://uk.indeed.com/jobs?q=Pharmacy+Technician&l=London&start=40']",2024-11-01 03:09:51.409051
51,Clinical Pharmacist,https://uk.indeed.com/jobs?q=Clinical+Pharmacist&l=London,8,"['https://uk.indeed.com/jobs?q=Clinical+Pharmacist&l=London', 'https://uk.indeed.com/jobs?q=Clinical+Pharmacist&l=London&start=10', 'https://uk.indeed.com/jobs?q=Clinical+Pharmacist&l=London&start=20', 'https://uk.indeed.com/jobs?q=Clinical+Pharmacist&l=London&start=30', 'https://uk.indeed.com/jobs?q=Clinical+Pharmacist&l=London&start=40', 'https://uk.indeed.com/jobs?q=Clinical+Pharmacist&l=London&start=50', 'https://uk.indeed.com/jobs?q=Clinical+Pharmacist&l=London&start=60', 'https://uk.indeed.com/jobs?q=Clinical+Pharmacist&l=London&start=70']",2024-11-01 03:09:51.409051
52,Pharmaceutical Sales Representative,https://uk.indeed.com/jobs?q=Pharmaceutical+Sales+Representative&l=London,1,['https://uk.indeed.com/jobs?q=Pharmaceutical+Sales+Representative&l=London'],2024-11-01 03:09:51.409051
53,Pharmaceutical Research Scientist,https://uk.indeed.com/jobs?q=Pharmaceutical+Research+Scientist&l=London,4,"['https://uk.indeed.com/jobs?q=Pharmaceutical+Research+Scientist&l=London', 'https://uk.indeed.com/jobs?q=Pharmaceutical+Research+Scientist&l=London&start=10', 'https://uk.indeed.com/jobs?q=Pharmaceutical+Research+Scientist&l=London&start=20', 'https://uk.indeed.com/jobs?q=Pharmaceutical+Research+Scientist&l=London&start=30']",2024-11-01 03:09:51.409051
54,Psychologist,https://uk.indeed.com/jobs?q=Psychologist&l=London,20,"['https://uk.indeed.com/jobs?q=Psychologist&l=London', 'https://uk.indeed.com/jobs?q=Psychologist&l=London&start=10', 'https://uk.indeed.com/jobs?q=Psychologist&l=London&start=20', 'https://uk.indeed.com/jobs?q=Psychologist&l=London&start=30', 'https://uk.indeed.com/jobs?q=Psychologist&l=London&start=40', 'https://uk.indeed.com/jobs?q=Psychologist&l=London&start=50', 'https://uk.indeed.com/jobs?q=Psychologist&l=London&start=60', 'https://uk.indeed.com/jobs?q=Psychologist&l=London&start=70', 'https://uk.indeed.com/jobs?q=Psychologist&l=London&start=80', 'https://uk.indeed.com/jobs?q=Psychologist&l=London&start=90', 'https://uk.indeed.com/jobs?q=Psychologist&l=London&start=100', 'https://uk.indeed.com/jobs?q=Psychologist&l=London&start=110', 'https://uk.indeed.com/jobs?q=Psychologist&l=London&start=120', 'https://uk.indeed.com/jobs?q=Psychologist&l=London&start=130', 'https://uk.indeed.com/jobs?q=Psychologist&l=London&start=140', 'https://uk.indeed.com/jobs?q=Psychologist&l=London&start=150', 'https://uk.indeed.com/jobs?q=Psychologist&l=London&start=160', 'https://uk.indeed.com/jobs?q=Psychologist&l=London&start=170', 'https://uk.indeed.com/jobs?q=Psychologist&l=London&start=180', 'https://uk.indeed.com/jobs?q=Psychologist&l=London&start=190']",2024-11-01 03:09:51.409051
55,Clinical Social Worker,https://uk.indeed.com/jobs?q=Clinical+Social+Worker&l=London,12,"['https://uk.indeed.com/jobs?q=Clinical+Social+Worker&l=London', 'https://uk.indeed.com/jobs?q=Clinical+Social+Worker&l=London&start=10', 'https://uk.indeed.com/jobs?q=Clinical+Social+Worker&l=London&start=20', 'https://uk.indeed.com/jobs?q=Clinical+Social+Worker&l=London&start=30', 'https://uk.indeed.com/jobs?q=Clinical+Social+Worker&l=London&start=40', 'https://uk.indeed.com/jobs?q=Clinical+Social+Worker&l=London&start=50', 'https://uk.indeed.com/jobs?q=Clinical+Social+Worker&l=London&start=60', 'https://uk.indeed.com/jobs?q=Clinical+Social+Worker&l=London&start=70', 'https://uk.indeed.com/jobs?q=Clinical+Social+Worker&l=London&start=80', 'https://uk.indeed.com/jobs?q=Clinical+Social+Worker&l=London&start=90', 'https://uk.indeed.com/jobs?q=Clinical+Social+Worker&l=London&start=100', 'https://uk.indeed.com/jobs?q=Clinical+Social+Worker&l=London&start=110']",2024-11-01 03:09:51.409051
56,Mental Health Counselor,https://uk.indeed.com/jobs?q=Mental+Health+Counselor&l=London,1,['https://uk.indeed.com/jobs?q=Mental+Health+Counselor&l=London'],2024-11-01 03:09:51.409051
57,Marriage and Family Therapist,https://uk.indeed.com/jobs?q=Marriage+and+Family+Therapist&l=London,1,['https://uk.indeed.com/jobs?q=Marriage+and+Family+Therapist&l=London'],2024-11-01 03:09:51.409051
58,Psychiatric Technician,https://uk.indeed.com/jobs?q=Psychiatric+Technician&l=London,1,['https://uk.indeed.com/jobs?q=Psychiatric+Technician&l=London'],2024-11-01 03:09:51.409051
59,Substance Abuse Counsellor,https://uk.indeed.com/jobs?q=Substance+Abuse+Counsellor&l=London,1,['https://uk.indeed.com/jobs?q=Substance+Abuse+Counsellor&l=London'],2024-11-01 03:09:51.409051
60,Behavioural Therapist,https://uk.indeed.com/jobs?q=Behavioural+Therapist&l=London,4,"['https://uk.indeed.com/jobs?q=Behavioural+Therapist&l=London', 'https://uk.indeed.com/jobs?q=Behavioural+Therapist&l=London&start=10', 'https://uk.indeed.com/jobs?q=Behavioural+Therapist&l=London&start=20', 'https://uk.indeed.com/jobs?q=Behavioural+Therapist&l=London&start=30']",2024-11-01 03:09:51.409051
61,School Counsellor,https://uk.indeed.com/jobs?q=School+Counsellor&l=London,2,"['https://uk.indeed.com/jobs?q=School+Counsellor&l=London', 'https://uk.indeed.com/jobs?q=School+Counsellor&l=London&start=10']",2024-11-01 03:09:51.409051
62,Healthcare Administrator,https://uk.indeed.com/jobs?q=Healthcare+Administrator&l=London,19,"['https://uk.indeed.com/jobs?q=Healthcare+Administrator&l=London', 'https://uk.indeed.com/jobs?q=Healthcare+Administrator&l=London&start=10', 'https://uk.indeed.com/jobs?q=Healthcare+Administrator&l=London&start=20', 'https://uk.indeed.com/jobs?q=Healthcare+Administrator&l=London&start=30', 'https://uk.indeed.com/jobs?q=Healthcare+Administrator&l=London&start=40', 'https://uk.indeed.com/jobs?q=Healthcare+Administrator&l=London&start=50', 'https://uk.indeed.com/jobs?q=Healthcare+Administrator&l=London&start=60', 'https://uk.indeed.com/jobs?q=Healthcare+Administrator&l=London&start=70', 'https://uk.indeed.com/jobs?q=Healthcare+Administrator&l=London&start=80', 'https://uk.indeed.com/jobs?q=Healthcare+Administrator&l=London&start=90', 'https://uk.indeed.com/jobs?q=Healthcare+Administrator&l=London&start=100', 'https://uk.indeed.com/jobs?q=Healthcare+Administrator&l=London&start=110', 'https://uk.indeed.com/jobs?q=Healthcare+Administrator&l=London&start=120', 'https://uk.indeed.com/jobs?q=Healthcare+Administrator&l=London&start=130', 'https://uk.indeed.com/jobs?q=Healthcare+Administrator&l=London&start=140', 'https://uk.indeed.com/jobs?q=Healthcare+Administrator&l=London&start=150', 'https://uk.indeed.com/jobs?q=Healthcare+Administrator&l=London&start=160', 'https://uk.indeed.com/jobs?q=Healthcare+Administrator&l=London&start=170', 'https://uk.indeed.com/jobs?q=Healthcare+Administrator&l=London&start=180']",2024-11-01 03:09:51.409051
63,Medical Office Manager,https://uk.indeed.com/jobs?q=Medical+Office+Manager&l=London,10,"['https://uk.indeed.com/jobs?q=Medical+Office+Manager&l=London', 'https://uk.indeed.com/jobs?q=Medical+Office+Manager&l=London&start=10', 'https://uk.indeed.com/jobs?q=Medical+Office+Manager&l=London&start=20', 'https://uk.indeed.com/jobs?q=Medical+Office+Manager&l=London&start=30', 'https://uk.indeed.com/jobs?q=Medical+Office+Manager&l=London&start=40', 'https://uk.indeed.com/jobs?q=Medical+Office+Manager&l=London&start=50', 'https://uk.indeed.com/jobs?q=Medical+Office+Manager&l=London&start=60', 'https://uk.indeed.com/jobs?q=Medical+Office+Manager&l=London&start=70', 'https://uk.indeed.com/jobs?q=Medical+Office+Manager&l=London&start=80', 'https://uk.indeed.com/jobs?q=Medical+Office+Manager&l=London&start=90']",2024-11-01 03:09:51.409051
64,Health Information Manager,https://uk.indeed.com/jobs?q=Health+Information+Manager&l=London,65,"['https://uk.indeed.com/jobs?q=Health+Information+Manager&l=London', 'https://uk.indeed.com/jobs?q=Health+Information+Manager&l=London&start=10', 'https://uk.indeed.com/jobs?q=Health+Information+Manager&l=London&start=20', 'https://uk.indeed.com/jobs?q=Health+Information+Manager&l=London&start=30', 'https://uk.indeed.com/jobs?q=Health+Information+Manager&l=London&start=40', 'https://uk.indeed.com/jobs?q=Health+Information+Manager&l=London&start=50', 'https://uk.indeed.com/jobs?q=Health+Information+Manager&l=London&start=60', 'https://uk.indeed.com/jobs?q=Health+Information+Manager&l=London&start=70', 'https://uk.indeed.com/jobs?q=Health+Information+Manager&l=London&start=80', 'https://uk.indeed.com/jobs?q=Health+Information+Manager&l=London&start=90', 'https://uk.indeed.com/jobs?q=Health+Information+Manager&l=London&start=100', 'https://uk.indeed.com/jobs?q=Health+Information+Manager&l=London&start=110', 'https://uk.indeed.com/jobs?q=Health+Information+Manager&l=London&start=120', 'https://uk.indeed.com/jobs?q=Health+Information+Manager&l=London&start=130', 'https://uk.indeed.com/jobs?q=Health+Information+Manager&l=London&start=140', 'https://uk.indeed.com/jobs?q=Health+Information+Manager&l=London&start=150', 'https://uk.indeed.com/jobs?q=Health+Information+Manager&l=London&start=160', 'https://uk.indeed.com/jobs?q=Health+Information+Manager&l=London&start=170', 'https://uk.indeed.com/jobs?q=Health+Information+Manager&l=London&start=180', 'https://uk.indeed.com/jobs?q=Health+Information+Manager&l=London&start=190', 'https://uk.indeed.com/jobs?q=Health+Information+Manager&l=London&start=200', 'https://uk.indeed.com/jobs?q=Health+Information+Manager&l=London&start=210', 'https://uk.indeed.com/jobs?q=Health+Information+Manager&l=London&start=220', 'https://uk.indeed.com/jobs?q=Health+Information+Manager&l=London&start=230', 'https://uk.indeed.com/jobs?q=Health+Information+Manager&l=London&start=240', 'https://uk.indeed.com/jobs?q=Health+Information+Manager&l=London&start=250', 'https://uk.indeed.com/jobs?q=Health+Information+Manager&l=London&start=260', 'https://uk.indeed.com/jobs?q=Health+Information+Manager&l=London&start=270', 'https://uk.indeed.com/jobs?q=Health+Information+Manager&l=London&start=280', 'https://uk.indeed.com/jobs?q=Health+Information+Manager&l=London&start=290', 'https://uk.indeed.com/jobs?q=Health+Information+Manager&l=London&start=300', 'https://uk.indeed.com/jobs?q=Health+Information+Manager&l=London&start=310', 'https://uk.indeed.com/jobs?q=Health+Information+Manager&l=London&start=320', 'https://uk.indeed.com/jobs?q=Health+Information+Manager&l=London&start=330', 'https://uk.indeed.com/jobs?q=Health+Information+Manager&l=London&start=340', 'https://uk.indeed.com/jobs?q=Health+Information+Manager&l=London&start=350', 'https://uk.indeed.com/jobs?q=Health+Information+Manager&l=London&start=360', 'https://uk.indeed.com/jobs?q=Health+Information+Manager&l=London&start=370', 'https://uk.indeed.com/jobs?q=Health+Information+Manager&l=London&start=380', 'https://uk.indeed.com/jobs?q=Health+Information+Manager&l=London&start=390', 'https://uk.indeed.com/jobs?q=Health+Information+Manager&l=London&start=400', 'https://uk.indeed.com/jobs?q=Health+Information+Manager&l=London&start=410', 'https://uk.indeed.com/jobs?q=Health+Information+Manager&l=London&start=420', 'https://uk.indeed.com/jobs?q=Health+Information+Manager&l=London&start=430', 'https://uk.indeed.com/jobs?q=Health+Information+Manager&l=London&start=440', 'https://uk.indeed.com/jobs?q=Health+Information+Manager&l=London&start=450', 'https://uk.indeed.com/jobs?q=Health+Information+Manager&l=London&start=460', 'https://uk.indeed.com/jobs?q=Health+Information+Manager&l=London&start=470', 'https://uk.indeed.com/jobs?q=Health+Information+Manager&l=London&start=480', 'https://uk.indeed.com/jobs?q=Health+Information+Manager&l=London&start=490', 'https://uk.indeed.com/jobs?q=Health+Information+Manager&l=London&start=500', 'https://uk.indeed.com/jobs?q=Health+Information+Manager&l=London&start=510', 'https://uk.indeed.com/jobs?q=Health+Information+Manager&l=London&start=520', 'https://uk.indeed.com/jobs?q=Health+Information+Manager&l=London&start=530', 'https://uk.indeed.com/jobs?q=Health+Information+Manager&l=London&start=540', 'https://uk.indeed.com/jobs?q=Health+Information+Manager&l=London&start=550', 'https://uk.indeed.com/jobs?q=Health+Information+Manager&l=London&start=560', 'https://uk.indeed.com/jobs?q=Health+Information+Manager&l=London&start=570', 'https://uk.indeed.com/jobs?q=Health+Information+Manager&l=London&start=580', 'https://uk.indeed.com/jobs?q=Health+Information+Manager&l=London&start=590', 'https://uk.indeed.com/jobs?q=Health+Information+Manager&l=London&start=600', 'https://uk.indeed.com/jobs?q=Health+Information+Manager&l=London&start=610', 'https://uk.indeed.com/jobs?q=Health+Information+Manager&l=London&start=620', 'https://uk.indeed.com/jobs?q=Health+Information+Manager&l=London&start=630', 'https://uk.indeed.com/jobs?q=Health+Information+Manager&l=London&start=640']",2024-11-01 03:09:51.409051
65,Medical Coder/Biller,https://uk.indeed.com/jobs?q=Medical+Coder/Biller&l=London,0,,2024-11-01 03:09:51.409051
66,Medical Records Technician,https://uk.indeed.com/jobs?q=Medical+Records+Technician&l=London,8,"['https://uk.indeed.com/jobs?q=Medical+Records+Technician&l=London', 'https://uk.indeed.com/jobs?q=Medical+Records+Technician&l=London&start=10', 'https://uk.indeed.com/jobs?q=Medical+Records+Technician&l=London&start=20', 'https://uk.indeed.com/jobs?q=Medical+Records+Technician&l=London&start=30', 'https://uk.indeed.com/jobs?q=Medical+Records+Technician&l=London&start=40', 'https://uk.indeed.com/jobs?q=Medical+Records+Technician&l=London&start=50', 'https://uk.indeed.com/jobs?q=Medical+Records+Technician&l=London&start=60', 'https://uk.indeed.com/jobs?q=Medical+Records+Technician&l=London&start=70']",2024-11-01 03:09:51.409051
67,Health Informatics Specialist,https://uk.indeed.com/jobs?q=Health+Informatics+Specialist&l=London,1,['https://uk.indeed.com/jobs?q=Health+Informatics+Specialist&l=London'],2024-11-01 03:09:51.409051
68,Compliance Officer,https://uk.indeed.com/jobs?q=Compliance+Officer&l=London,49,"['https://uk.indeed.com/jobs?q=Compliance+Officer&l=London', 'https://uk.indeed.com/jobs?q=Compliance+Officer&l=London&start=10', 'https://uk.indeed.com/jobs?q=Compliance+Officer&l=London&start=20', 'https://uk.indeed.com/jobs?q=Compliance+Officer&l=London&start=30', 'https://uk.indeed.com/jobs?q=Compliance+Officer&l=London&start=40', 'https://uk.indeed.com/jobs?q=Compliance+Officer&l=London&start=50', 'https://uk.indeed.com/jobs?q=Compliance+Officer&l=London&start=60', 'https://uk.indeed.com/jobs?q=Compliance+Officer&l=London&start=70', 'https://uk.indeed.com/jobs?q=Compliance+Officer&l=London&start=80', 'https://uk.indeed.com/jobs?q=Compliance+Officer&l=London&start=90', 'https://uk.indeed.com/jobs?q=Compliance+Officer&l=London&start=100', 'https://uk.indeed.com/jobs?q=Compliance+Officer&l=London&start=110', 'https://uk.indeed.com/jobs?q=Compliance+Officer&l=London&start=120', 'https://uk.indeed.com/jobs?q=Compliance+Officer&l=London&start=130', 'https://uk.indeed.com/jobs?q=Compliance+Officer&l=London&start=140', 'https://uk.indeed.com/jobs?q=Compliance+Officer&l=London&start=150', 'https://uk.indeed.com/jobs?q=Compliance+Officer&l=London&start=160', 'https://uk.indeed.com/jobs?q=Compliance+Officer&l=London&start=170', 'https://uk.indeed.com/jobs?q=Compliance+Officer&l=London&start=180', 'https://uk.indeed.com/jobs?q=Compliance+Officer&l=London&start=190', 'https://uk.indeed.com/jobs?q=Compliance+Officer&l=London&start=200', 'https://uk.indeed.com/jobs?q=Compliance+Officer&l=London&start=210', 'https://uk.indeed.com/jobs?q=Compliance+Officer&l=London&start=220', 'https://uk.indeed.com/jobs?q=Compliance+Officer&l=London&start=230', 'https://uk.indeed.com/jobs?q=Compliance+Officer&l=London&start=240', 'https://uk.indeed.com/jobs?q=Compliance+Officer&l=London&start=250', 'https://uk.indeed.com/jobs?q=Compliance+Officer&l=London&start=260', 'https://uk.indeed.com/jobs?q=Compliance+Officer&l=London&start=270', 'https://uk.indeed.com/jobs?q=Compliance+Officer&l=London&start=280', 'https://uk.indeed.com/jobs?q=Compliance+Officer&l=London&start=290', 'https://uk.indeed.com/jobs?q=Compliance+Officer&l=London&start=300', 'https://uk.indeed.com/jobs?q=Compliance+Officer&l=London&start=310', 'https://uk.indeed.com/jobs?q=Compliance+Officer&l=London&start=320', 'https://uk.indeed.com/jobs?q=Compliance+Officer&l=London&start=330', 'https://uk.indeed.com/jobs?q=Compliance+Officer&l=London&start=340', 'https://uk.indeed.com/jobs?q=Compliance+Officer&l=London&start=350', 'https://uk.indeed.com/jobs?q=Compliance+Officer&l=London&start=360', 'https://uk.indeed.com/jobs?q=Compliance+Officer&l=London&start=370', 'https://uk.indeed.com/jobs?q=Compliance+Officer&l=London&start=380', 'https://uk.indeed.com/jobs?q=Compliance+Officer&l=London&start=390', 'https://uk.indeed.com/jobs?q=Compliance+Officer&l=London&start=400', 'https://uk.indeed.com/jobs?q=Compliance+Officer&l=London&start=410', 'https://uk.indeed.com/jobs?q=Compliance+Officer&l=London&start=420', 'https://uk.indeed.com/jobs?q=Compliance+Officer&l=London&start=430', 'https://uk.indeed.com/jobs?q=Compliance+Officer&l=London&start=440', 'https://uk.indeed.com/jobs?q=Compliance+Officer&l=London&start=450', 'https://uk.indeed.com/jobs?q=Compliance+Officer&l=London&start=460', 'https://uk.indeed.com/jobs?q=Compliance+Officer&l=London&start=470', 'https://uk.indeed.com/jobs?q=Compliance+Officer&l=London&start=480']",2024-11-01 03:09:51.409051
69,Hospital Administrator,https://uk.indeed.com/jobs?q=Hospital+Administrator&l=London,7,"['https://uk.indeed.com/jobs?q=Hospital+Administrator&l=London', 'https://uk.indeed.com/jobs?q=Hospital+Administrator&l=London&start=10', 'https://uk.indeed.com/jobs?q=Hospital+Administrator&l=London&start=20', 'https://uk.indeed.com/jobs?q=Hospital+Administrator&l=London&start=30', 'https://uk.indeed.com/jobs?q=Hospital+Administrator&l=London&start=40', 'https://uk.indeed.com/jobs?q=Hospital+Administrator&l=London&start=50', 'https://uk.indeed.com/jobs?q=Hospital+Administrator&l=London&start=60']",2024-11-01 03:09:51.409051
70,Patient Services Representative,https://uk.indeed.com/jobs?q=Patient+Services+Representative&l=London,14,"['https://uk.indeed.com/jobs?q=Patient+Services+Representative&l=London', 'https://uk.indeed.com/jobs?q=Patient+Services+Representative&l=London&start=10', 'https://uk.indeed.com/jobs?q=Patient+Services+Representative&l=London&start=20', 'https://uk.indeed.com/jobs?q=Patient+Services+Representative&l=London&start=30', 'https://uk.indeed.com/jobs?q=Patient+Services+Representative&l=London&start=40', 'https://uk.indeed.com/jobs?q=Patient+Services+Representative&l=London&start=50', 'https://uk.indeed.com/jobs?q=Patient+Services+Representative&l=London&start=60', 'https://uk.indeed.com/jobs?q=Patient+Services+Representative&l=London&start=70', 'https://uk.indeed.com/jobs?q=Patient+Services+Representative&l=London&start=80', 'https://uk.indeed.com/jobs?q=Patient+Services+Representative&l=London&start=90', 'https://uk.indeed.com/jobs?q=Patient+Services+Representative&l=London&start=100', 'https://uk.indeed.com/jobs?q=Patient+Services+Representative&l=London&start=110', 'https://uk.indeed.com/jobs?q=Patient+Services+Representative&l=London&start=120', 'https://uk.indeed.com/jobs?q=Patient+Services+Representative&l=London&start=130']",2024-11-01 03:09:51.409051
71,Human Resources Specialist in Healthcare,https://uk.indeed.com/jobs?q=Human+Resources+Specialist+in+Healthcare&l=London,2,"['https://uk.indeed.com/jobs?q=Human+Resources+Specialist+in+Healthcare&l=London', 'https://uk.indeed.com/jobs?q=Human+Resources+Specialist+in+Healthcare&l=London&start=10']",2024-11-01 03:09:51.409051
72,Epidemiologist,https://uk.indeed.com/jobs?q=Epidemiologist&l=London,1,['https://uk.indeed.com/jobs?q=Epidemiologist&l=London'],2024-11-01 03:09:51.409051
73,Public Health Nurse,https://uk.indeed.com/jobs?q=Public+Health+Nurse&l=London,3,"['https://uk.indeed.com/jobs?q=Public+Health+Nurse&l=London', 'https://uk.indeed.com/jobs?q=Public+Health+Nurse&l=London&start=10', 'https://uk.indeed.com/jobs?q=Public+Health+Nurse&l=London&start=20']",2024-11-01 03:09:51.409051
74,Health Educator,https://uk.indeed.com/jobs?q=Health+Educator&l=London,25,"['https://uk.indeed.com/jobs?q=Health+Educator&l=London', 'https://uk.indeed.com/jobs?q=Health+Educator&l=London&start=10', 'https://uk.indeed.com/jobs?q=Health+Educator&l=London&start=20', 'https://uk.indeed.com/jobs?q=Health+Educator&l=London&start=30', 'https://uk.indeed.com/jobs?q=Health+Educator&l=London&start=40', 'https://uk.indeed.com/jobs?q=Health+Educator&l=London&start=50', 'https://uk.indeed.com/jobs?q=Health+Educator&l=London&start=60', 'https://uk.indeed.com/jobs?q=Health+Educator&l=London&start=70', 'https://uk.indeed.com/jobs?q=Health+Educator&l=London&start=80', 'https://uk.indeed.com/jobs?q=Health+Educator&l=London&start=90', 'https://uk.indeed.com/jobs?q=Health+Educator&l=London&start=100', 'https://uk.indeed.com/jobs?q=Health+Educator&l=London&start=110', 'https://uk.indeed.com/jobs?q=Health+Educator&l=London&start=120', 'https://uk.indeed.com/jobs?q=Health+Educator&l=London&start=130', 'https://uk.indeed.com/jobs?q=Health+Educator&l=London&start=140', 'https://uk.indeed.com/jobs?q=Health+Educator&l=London&start=150', 'https://uk.indeed.com/jobs?q=Health+Educator&l=London&start=160', 'https://uk.indeed.com/jobs?q=Health+Educator&l=London&start=170', 'https://uk.indeed.com/jobs?q=Health+Educator&l=London&start=180', 'https://uk.indeed.com/jobs?q=Health+Educator&l=London&start=190', 'https://uk.indeed.com/jobs?q=Health+Educator&l=London&start=200', 'https://uk.indeed.com/jobs?q=Health+Educator&l=London&start=210', 'https://uk.indeed.com/jobs?q=Health+Educator&l=London&start=220', 'https://uk.indeed.com/jobs?q=Health+Educator&l=London&start=230', 'https://uk.indeed.com/jobs?q=Health+Educator&l=London&start=240']",2024-11-01 03:09:51.409051
75,Community Health Worker,https://uk.indeed.com/jobs?q=Community+Health+Worker&l=London,50,"['https://uk.indeed.com/jobs?q=Community+Health+Worker&l=London', 'https://uk.indeed.com/jobs?q=Community+Health+Worker&l=London&start=10', 'https://uk.indeed.com/jobs?q=Community+Health+Worker&l=London&start=20', 'https://uk.indeed.com/jobs?q=Community+Health+Worker&l=London&start=30', 'https://uk.indeed.com/jobs?q=Community+Health+Worker&l=London&start=40', 'https://uk.indeed.com/jobs?q=Community+Health+Worker&l=London&start=50', 'https://uk.indeed.com/jobs?q=Community+Health+Worker&l=London&start=60', 'https://uk.indeed.com/jobs?q=Community+Health+Worker&l=London&start=70', 'https://uk.indeed.com/jobs?q=Community+Health+Worker&l=London&start=80', 'https://uk.indeed.com/jobs?q=Community+Health+Worker&l=London&start=90', 'https://uk.indeed.com/jobs?q=Community+Health+Worker&l=London&start=100', 'https://uk.indeed.com/jobs?q=Community+Health+Worker&l=London&start=110', 'https://uk.indeed.com/jobs?q=Community+Health+Worker&l=London&start=120', 'https://uk.indeed.com/jobs?q=Community+Health+Worker&l=London&start=130', 'https://uk.indeed.com/jobs?q=Community+Health+Worker&l=London&start=140', 'https://uk.indeed.com/jobs?q=Community+Health+Worker&l=London&start=150', 'https://uk.indeed.com/jobs?q=Community+Health+Worker&l=London&start=160', 'https://uk.indeed.com/jobs?q=Community+Health+Worker&l=London&start=170', 'https://uk.indeed.com/jobs?q=Community+Health+Worker&l=London&start=180', 'https://uk.indeed.com/jobs?q=Community+Health+Worker&l=London&start=190', 'https://uk.indeed.com/jobs?q=Community+Health+Worker&l=London&start=200', 'https://uk.indeed.com/jobs?q=Community+Health+Worker&l=London&start=210', 'https://uk.indeed.com/jobs?q=Community+Health+Worker&l=London&start=220', 'https://uk.indeed.com/jobs?q=Community+Health+Worker&l=London&start=230', 'https://uk.indeed.com/jobs?q=Community+Health+Worker&l=London&start=240', 'https://uk.indeed.com/jobs?q=Community+Health+Worker&l=London&start=250', 'https://uk.indeed.com/jobs?q=Community+Health+Worker&l=London&start=260', 'https://uk.indeed.com/jobs?q=Community+Health+Worker&l=London&start=270', 'https://uk.indeed.com/jobs?q=Community+Health+Worker&l=London&start=280', 'https://uk.indeed.com/jobs?q=Community+Health+Worker&l=London&start=290', 'https://uk.indeed.com/jobs?q=Community+Health+Worker&l=London&start=300', 'https://uk.indeed.com/jobs?q=Community+Health+Worker&l=London&start=310', 'https://uk.indeed.com/jobs?q=Community+Health+Worker&l=London&start=320', 'https://uk.indeed.com/jobs?q=Community+Health+Worker&l=London&start=330', 'https://uk.indeed.com/jobs?q=Community+Health+Worker&l=London&start=340', 'https://uk.indeed.com/jobs?q=Community+Health+Worker&l=London&start=350', 'https://uk.indeed.com/jobs?q=Community+Health+Worker&l=London&start=360', 'https://uk.indeed.com/jobs?q=Community+Health+Worker&l=London&start=370', 'https://uk.indeed.com/jobs?q=Community+Health+Worker&l=London&start=380', 'https://uk.indeed.com/jobs?q=Community+Health+Worker&l=London&start=390', 'https://uk.indeed.com/jobs?q=Community+Health+Worker&l=London&start=400', 'https://uk.indeed.com/jobs?q=Community+Health+Worker&l=London&start=410', 'https://uk.indeed.com/jobs?q=Community+Health+Worker&l=London&start=420', 'https://uk.indeed.com/jobs?q=Community+Health+Worker&l=London&start=430', 'https://uk.indeed.com/jobs?q=Community+Health+Worker&l=London&start=440', 'https://uk.indeed.com/jobs?q=Community+Health+Worker&l=London&start=450', 'https://uk.indeed.com/jobs?q=Community+Health+Worker&l=London&start=460', 'https://uk.indeed.com/jobs?q=Community+Health+Worker&l=London&start=470', 'https://uk.indeed.com/jobs?q=Community+Health+Worker&l=London&start=480', 'https://uk.indeed.com/jobs?q=Community+Health+Worker&l=London&start=490']",2024-11-01 03:09:51.409051
76,Public Health Analyst,https://uk.indeed.com/jobs?q=Public+Health+Analyst&l=London,0,,2024-11-01 03:09:51.409051
77,Biostatistician,https://uk.indeed.com/jobs?q=Biostatistician&l=London,1,['https://uk.indeed.com/jobs?q=Biostatistician&l=London'],2024-11-01 03:09:51.409051
78,Environmental Health Specialist,https://uk.indeed.com/jobs?q=Environmental+Health+Specialist&l=London,24,"['https://uk.indeed.com/jobs?q=Environmental+Health+Specialist&l=London', 'https://uk.indeed.com/jobs?q=Environmental+Health+Specialist&l=London&start=10', 'https://uk.indeed.com/jobs?q=Environmental+Health+Specialist&l=London&start=20', 'https://uk.indeed.com/jobs?q=Environmental+Health+Specialist&l=London&start=30', 'https://uk.indeed.com/jobs?q=Environmental+Health+Specialist&l=London&start=40', 'https://uk.indeed.com/jobs?q=Environmental+Health+Specialist&l=London&start=50', 'https://uk.indeed.com/jobs?q=Environmental+Health+Specialist&l=London&start=60', 'https://uk.indeed.com/jobs?q=Environmental+Health+Specialist&l=London&start=70', 'https://uk.indeed.com/jobs?q=Environmental+Health+Specialist&l=London&start=80', 'https://uk.indeed.com/jobs?q=Environmental+Health+Specialist&l=London&start=90', 'https://uk.indeed.com/jobs?q=Environmental+Health+Specialist&l=London&start=100', 'https://uk.indeed.com/jobs?q=Environmental+Health+Specialist&l=London&start=110', 'https://uk.indeed.com/jobs?q=Environmental+Health+Specialist&l=London&start=120', 'https://uk.indeed.com/jobs?q=Environmental+Health+Specialist&l=London&start=130', 'https://uk.indeed.com/jobs?q=Environmental+Health+Specialist&l=London&start=140', 'https://uk.indeed.com/jobs?q=Environmental+Health+Specialist&l=London&start=150', 'https://uk.indeed.com/jobs?q=Environmental+Health+Specialist&l=London&start=160', 'https://uk.indeed.com/jobs?q=Environmental+Health+Specialist&l=London&start=170', 'https://uk.indeed.com/jobs?q=Environmental+Health+Specialist&l=London&start=180', 'https://uk.indeed.com/jobs?q=Environmental+Health+Specialist&l=London&start=190', 'https://uk.indeed.com/jobs?q=Environmental+Health+Specialist&l=London&start=200', 'https://uk.indeed.com/jobs?q=Environmental+Health+Specialist&l=London&start=210', 'https://uk.indeed.com/jobs?q=Environmental+Health+Specialist&l=London&start=220', 'https://uk.indeed.com/jobs?q=Environmental+Health+Specialist&l=London&start=230']",2024-11-01 03:09:51.409051
79,Physical Therapy Assistant,https://uk.indeed.com/jobs?q=Physical+Therapy+Assistant&l=London,5,"['https://uk.indeed.com/jobs?q=Physical+Therapy+Assistant&l=London', 'https://uk.indeed.com/jobs?q=Physical+Therapy+Assistant&l=London&start=10', 'https://uk.indeed.com/jobs?q=Physical+Therapy+Assistant&l=London&start=20', 'https://uk.indeed.com/jobs?q=Physical+Therapy+Assistant&l=London&start=30', 'https://uk.indeed.com/jobs?q=Physical+Therapy+Assistant&l=London&start=40']",2024-11-01 03:09:51.409051
80,Occupational Therapy Assistant,https://uk.indeed.com/jobs?q=Occupational+Therapy+Assistant&l=London,4,"['https://uk.indeed.com/jobs?q=Occupational+Therapy+Assistant&l=London', 'https://uk.indeed.com/jobs?q=Occupational+Therapy+Assistant&l=London&start=10', 'https://uk.indeed.com/jobs?q=Occupational+Therapy+Assistant&l=London&start=20', 'https://uk.indeed.com/jobs?q=Occupational+Therapy+Assistant&l=London&start=30']",2024-11-01 03:09:51.409051
81,Recreational Therapist,https://uk.indeed.com/jobs?q=Recreational+Therapist&l=London,1,['https://uk.indeed.com/jobs?q=Recreational+Therapist&l=London'],2024-11-01 03:09:51.409051
82,Massage Therapist,https://uk.indeed.com/jobs?q=Massage+Therapist&l=London,7,"['https://uk.indeed.com/jobs?q=Massage+Therapist&l=London', 'https://uk.indeed.com/jobs?q=Massage+Therapist&l=London&start=10', 'https://uk.indeed.com/jobs?q=Massage+Therapist&l=London&start=20', 'https://uk.indeed.com/jobs?q=Massage+Therapist&l=London&start=30', 'https://uk.indeed.com/jobs?q=Massage+Therapist&l=London&start=40', 'https://uk.indeed.com/jobs?q=Massage+Therapist&l=London&start=50', 'https://uk.indeed.com/jobs?q=Massage+Therapist&l=London&start=60']",2024-11-01 03:09:51.409051
83,Chiropractor,https://uk.indeed.com/jobs?q=Chiropractor&l=London,1,['https://uk.indeed.com/jobs?q=Chiropractor&l=London'],2024-11-01 03:09:51.409051
84,Dentist,https://uk.indeed.com/jobs?q=Dentist&l=London,9,"['https://uk.indeed.com/jobs?q=Dentist&l=London', 'https://uk.indeed.com/jobs?q=Dentist&l=London&start=10', 'https://uk.indeed.com/jobs?q=Dentist&l=London&start=20', 'https://uk.indeed.com/jobs?q=Dentist&l=London&start=30', 'https://uk.indeed.com/jobs?q=Dentist&l=London&start=40', 'https://uk.indeed.com/jobs?q=Dentist&l=London&start=50', 'https://uk.indeed.com/jobs?q=Dentist&l=London&start=60', 'https://uk.indeed.com/jobs?q=Dentist&l=London&start=70', 'https://uk.indeed.com/jobs?q=Dentist&l=London&start=80']",2024-11-01 03:09:51.409051
85,Dental Hygienist,https://uk.indeed.com/jobs?q=Dental+Hygienist&l=London,3,"['https://uk.indeed.com/jobs?q=Dental+Hygienist&l=London', 'https://uk.indeed.com/jobs?q=Dental+Hygienist&l=London&start=10', 'https://uk.indeed.com/jobs?q=Dental+Hygienist&l=London&start=20']",2024-11-01 03:09:51.409051
86,Dental Assistant,https://uk.indeed.com/jobs?q=Dental+Assistant&l=London,7,"['https://uk.indeed.com/jobs?q=Dental+Assistant&l=London', 'https://uk.indeed.com/jobs?q=Dental+Assistant&l=London&start=10', 'https://uk.indeed.com/jobs?q=Dental+Assistant&l=London&start=20', 'https://uk.indeed.com/jobs?q=Dental+Assistant&l=London&start=30', 'https://uk.indeed.com/jobs?q=Dental+Assistant&l=London&start=40', 'https://uk.indeed.com/jobs?q=Dental+Assistant&l=London&start=50', 'https://uk.indeed.com/jobs?q=Dental+Assistant&l=London&start=60']",2024-11-01 03:09:51.409051
87,Orthodontist,https://uk.indeed.com/jobs?q=Orthodontist&l=London,2,"['https://uk.indeed.com/jobs?q=Orthodontist&l=London', 'https://uk.indeed.com/jobs?q=Orthodontist&l=London&start=10']",2024-11-01 03:09:51.409051
88,Oral and Maxillofacial Surgeon,https://uk.indeed.com/jobs?q=Oral+and+Maxillofacial+Surgeon&l=London,1,['https://uk.indeed.com/jobs?q=Oral+and+Maxillofacial+Surgeon&l=London'],2024-11-01 03:09:51.409051
89,Endodontist,https://uk.indeed.com/jobs?q=Endodontist&l=London,1,['https://uk.indeed.com/jobs?q=Endodontist&l=London'],2024-11-01 03:09:51.409051
90,Periodontist,https://uk.indeed.com/jobs?q=Periodontist&l=London,1,['https://uk.indeed.com/jobs?q=Periodontist&l=London'],2024-11-01 03:09:51.409051
91,Acupuncturist,https://uk.indeed.com/jobs?q=Acupuncturist&l=London,1,['https://uk.indeed.com/jobs?q=Acupuncturist&l=London'],2024-11-01 03:09:51.409051
92,Naturopathic Doctor,https://uk.indeed.com/jobs?q=Naturopathic+Doctor&l=London,0,,2024-11-01 03:09:51.409051
93,Homoeopathic Practitioner,https://uk.indeed.com/jobs?q=Homoeopathic+Practitioner&l=London,0,,2024-11-01 03:09:51.409051
94,Herbalist,https://uk.indeed.com/jobs?q=Herbalist&l=London,1,['https://uk.indeed.com/jobs?q=Herbalist&l=London'],2024-11-01 03:09:51.409051
95,Optometrist,https://uk.indeed.com/jobs?q=Optometrist&l=London,3,"['https://uk.indeed.com/jobs?q=Optometrist&l=London', 'https://uk.indeed.com/jobs?q=Optometrist&l=London&start=10', 'https://uk.indeed.com/jobs?q=Optometrist&l=London&start=20']",2024-11-01 03:09:51.409051
96,Ophthalmic Technician,https://uk.indeed.com/jobs?q=Ophthalmic+Technician&l=London,1,['https://uk.indeed.com/jobs?q=Ophthalmic+Technician&l=London'],2024-11-01 03:09:51.409051
97,Ophthalmic Assistant,https://uk.indeed.com/jobs?q=Ophthalmic+Assistant&l=London,1,['https://uk.indeed.com/jobs?q=Ophthalmic+Assistant&l=London'],2024-11-01 03:09:51.409051
98,Optician,https://uk.indeed.com/jobs?q=Optician&l=London,3,"['https://uk.indeed.com/jobs?q=Optician&l=London', 'https://uk.indeed.com/jobs?q=Optician&l=London&start=10', 'https://uk.indeed.com/jobs?q=Optician&l=London&start=20']",2024-11-01 03:09:51.409051
99,Biomedical Scientist,https://uk.indeed.com/jobs?q=Biomedical+Scientist&l=London,3,"['https://uk.indeed.com/jobs?q=Biomedical+Scientist&l=London', 'https://uk.indeed.com/jobs?q=Biomedical+Scientist&l=London&start=10', 'https://uk.indeed.com/jobs?q=Biomedical+Scientist&l=London&start=20']",2024-11-01 03:09:51.409051
100,Clinical Research Coordinator,https://uk.indeed.com/jobs?q=Clinical+Research+Coordinator&l=London,6,"['https://uk.indeed.com/jobs?q=Clinical+Research+Coordinator&l=London', 'https://uk.indeed.com/jobs?q=Clinical+Research+Coordinator&l=London&start=10', 'https://uk.indeed.com/jobs?q=Clinical+Research+Coordinator&l=London&start=20', 'https://uk.indeed.com/jobs?q=Clinical+Research+Coordinator&l=London&start=30', 'https://uk.indeed.com/jobs?q=Clinical+Research+Coordinator&l=London&start=40', 'https://uk.indeed.com/jobs?q=Clinical+Research+Coordinator&l=London&start=50']",2024-11-01 03:09:51.409051
